ID,Guid,Name,Birthdate,Sex,Race,Nationality
1,LYQi5vwEvRgPeg5N,Steven Brown,30-07-1953,Male,Asian,Mexican
2,W9fmN9SVNncUTgtG,Christopher Wolfe,13-10-1976,Female,Black,Canadian
3,xk8oFF5Dr5Wb5CLk,Linda Stone,20-06-2002,Female,White,Italian
4,58SrvpZrFcdFpEoT,David Smith,22-02-1969,Female,Pacific Islander,American
5,TScQTp6B9iu1aOfn,Hayley Wells,23-04-1980,Female,White,German
6,cRrs8O2MvwZdNNZs,Jorge Rodriguez,20-06-2002,Female,Hispanic,German
7,6PCks6WRHl6irFVx,Tracey Schmitt,26-03-1960,Male,American Indian,English
8,866VtdlaUayEZhC0,Stanley Jefferson,15-04-1946,Male,American Indian,German
9,K52RR7PmcRLz0Uox,Melissa Silva,19-10-1978,Female,Hispanic,German
10,B9MoPOoaWRV0IOGv,Joshua Meyer,23-04-1983,Female,Pacific Islander,English
11,Xl8wRpxOwGB4Mbn7,Elizabeth Vasquez,24-03-2002,Female,Asian,Italian
12,kPdD37SnwbjxeTyv,Kristin Miller,24-01-1987,Female,Black,Canadian
13,mbsOsketXLNsij87,Robert Scott,19-04-1964,Male,American Indian,Mexican
14,rsr2PP2Cqnc5Q69o,Melissa Tanner,19-10-1978,Male,American Indian,German
15,tK4RlLAk6RNeJmJu,Kimberly Bolton,30-01-1954,Female,American Indian,Italian
16,MvREaOp9MRZCCPi1,Christopher Lyons,24-03-2002,Female,American Indian,German
17,yacDPYgiMjph4bJU,Ryan Howard,13-01-1976,Female,White,English
18,9JPx1U8QwkKEMOIK,Mark Lopez,21-03-1948,Male,Pacific Islander,Mexican
19,owQixa2dXEe8vwjQ,Brandi Johnson,17-07-1966,Female,White,English
20,7xr6LUxbvBrZiHqM,Dennis Ross,21-03-1948,Male,American Indian,English
21,2ZclOi1onkLKdO1N,Stephen Cooper,16-03-1980,Female,American Indian,Italian
22,Z07sJtu60ZQkla9l,Carrie Li,19-04-1964,Female,White,Mexican
23,ontOLrNWD0SIJZhY,Nancy Cuevas,16-03-1980,Male,Black,Mexican
24,LaX9egQM5exi9igG,Christopher Miller,30-12-1957,Female,Black,Canadian
25,VyRhMm5RYDqZcKln,Timothy Vance,31-05-1988,Female,Pacific Islander,American
26,4CNUW7TC7TFhNK9V,Christopher Burnett,27-03-1983,Male,Asian,Mexican
27,hfN4yflJkeOGfzIc,Marissa Murphy,24-12-1996,Female,Asian,English
28,0ZvPAWoyjYO7xB8Y,Thomas Walker,30-07-1983,Male,Black,American
29,YbLA1J67TCc4inZ4,Christina Carroll,21-02-1966,Male,White,Canadian
30,jjLse6liv5VJlmMb,Susan Wolfe,19-01-1988,Female,Asian,Canadian
31,A93MPuKZQBe71k3u,David Long,27-06-1995,Female,Pacific Islander,Italian
32,lWAWVJ9ZnGIvRiwC,Heather Robinson,14-04-1955,Female,Asian,American
33,e4hsPPJ9DfVp6980,Susan Villanueva,19-01-1988,Female,Black,Mexican
34,XmvbmTz0cqTbGlXs,Katie Eaton,29-01-2002,Male,Pacific Islander,German
35,XTp7v3u78g9g7t8O,Michael Jones,24-12-1996,Male,White,English
36,8x1tveNMHZ5mHyPv,Jessica Rodriguez,19-04-1951,Male,White,American
37,3fAUGYCJJ04el8oT,Sara Thomas,22-07-2002,Male,American Indian,Italian
38,xZuEbKzqCuw0iV1e,Matthew Stewart,16-11-1980,Male,Asian,Mexican
39,7c9odzOw70aKShtI,Brittany Barr,19-07-1995,Female,White,American
40,wCCwzWCIvPtDQRE9,Rebecca Riggs,27-06-1995,Male,Asian,American
41,rG8TrdxQ5R9OaRNV,Tracey Moore,22-07-2002,Male,Hispanic,English
42,bcz12IRSYHcNL6i6,Taylor Jordan,24-12-1996,Male,Black,Italian
43,UQhOdolgWzzecu6D,Lisa Vaughan,26-08-2002,Male,White,American
44,iloYIJDWkAfksshX,Catherine Flynn,20-12-1954,Male,Black,Canadian
45,KT7X7M5l4svyfZai,David Stewart PhD,18-02-1993,Female,Pacific Islander,Canadian
46,TaU9Q0MQxK7HmYg7,Rachel Mitchell,20-12-1954,Male,Asian,Canadian
47,ggnfz38YlpYRZXv4,Kimberly Miller,21-02-1966,Female,Black,English
48,eSQErzwehO1Mh2fm,Charles Jefferson,15-04-1946,Male,Black,Italian
49,KfmtkwTFJoNRdEZL,Jeffrey Nguyen,21-12-1979,Female,American Indian,German
50,qhQ5FcY4rw3p6IHo,Jeffrey Pham,30-07-1953,Female,Pacific Islander,English
