"","ID","Date","Value","Guid","Name","Birthdate","Sex","Race","Nationality"
"1",46,"30-01-2023",9,"TaU9Q0MQxK7HmYg7","Rachel Mitchell","20-12-1954","Male","Asian","Canadian"
"2",45,"28-09-2023",5,"KT7X7M5l4svyfZai","David Stewart PhD","18-02-1993","Female","Pacific Islander","Canadian"
"3",11,"17-07-2023",4,"Xl8wRpxOwGB4Mbn7","Elizabeth Vasquez","24-03-2002","Female","Asian","Italian"
"4",6,"17-06-2023",5,"cRrs8O2MvwZdNNZs","Jorge Rodriguez","20-06-2002","Female","Hispanic","German"
"5",12,"30-01-2023",2,"kPdD37SnwbjxeTyv","Kristin Miller","24-01-1987","Female","Black","Canadian"
"6",13,"17-09-2023",4,"mbsOsketXLNsij87","Robert Scott","19-04-1964","Male","American Indian","Mexican"
"7",40,"16-08-2023",9,"wCCwzWCIvPtDQRE9","Rebecca Riggs","27-06-1995","Male","Asian","American"
"8",27,"26-03-2023",10,"hfN4yflJkeOGfzIc","Marissa Murphy","24-12-1996","Female","Asian","English"
"9",40,"17-07-2023",2,"wCCwzWCIvPtDQRE9","Rebecca Riggs","27-06-1995","Male","Asian","American"
"10",44,"17-09-2023",4,"iloYIJDWkAfksshX","Catherine Flynn","20-12-1954","Male","Black","Canadian"
"11",46,"16-08-2023",10,"TaU9Q0MQxK7HmYg7","Rachel Mitchell","20-12-1954","Male","Asian","Canadian"
"12",3,"17-07-2023",9,"xk8oFF5Dr5Wb5CLk","Linda Stone","20-06-2002","Female","White","Italian"
"13",24,"19-11-2023",2,"LaX9egQM5exi9igG","Christopher Miller","30-12-1957","Female","Black","Canadian"
"14",19,"17-09-2023",4,"owQixa2dXEe8vwjQ","Brandi Johnson","17-07-1966","Female","White","English"
"15",27,"30-03-2023",3,"hfN4yflJkeOGfzIc","Marissa Murphy","24-12-1996","Female","Asian","English"
"16",31,"26-03-2023",4,"A93MPuKZQBe71k3u","David Long","27-06-1995","Female","Pacific Islander","Italian"
"17",35,"23-05-2023",4,"XTp7v3u78g9g7t8O","Michael Jones","24-12-1996","Male","White","English"
"18",38,"23-03-2023",4,"xZuEbKzqCuw0iV1e","Matthew Stewart","16-11-1980","Male","Asian","Mexican"
"19",3,"30-03-2023",8,"xk8oFF5Dr5Wb5CLk","Linda Stone","20-06-2002","Female","White","Italian"
"20",12,"26-03-2023",3,"kPdD37SnwbjxeTyv","Kristin Miller","24-01-1987","Female","Black","Canadian"
"21",40,"28-09-2023",6,"wCCwzWCIvPtDQRE9","Rebecca Riggs","27-06-1995","Male","Asian","American"
"22",21,"30-03-2023",1,"2ZclOi1onkLKdO1N","Stephen Cooper","16-03-1980","Female","American Indian","Italian"
"23",11,"21-08-2023",3,"Xl8wRpxOwGB4Mbn7","Elizabeth Vasquez","24-03-2002","Female","Asian","Italian"
"24",23,"17-07-2023",3,"ontOLrNWD0SIJZhY","Nancy Cuevas","16-03-1980","Male","Black","Mexican"
"25",25,"30-03-2023",5,"VyRhMm5RYDqZcKln","Timothy Vance","31-05-1988","Female","Pacific Islander","American"
"26",47,"30-03-2023",6,"ggnfz38YlpYRZXv4","Kimberly Miller","21-02-1966","Female","Black","English"
"27",26,"26-01-2023",3,"4CNUW7TC7TFhNK9V","Christopher Burnett","27-03-1983","Male","Asian","Mexican"
"28",43,"30-12-2023",5,"UQhOdolgWzzecu6D","Lisa Vaughan","26-08-2002","Male","White","American"
"29",46,"21-10-2023",1,"TaU9Q0MQxK7HmYg7","Rachel Mitchell","20-12-1954","Male","Asian","Canadian"
"30",2,"22-07-2023",3,"W9fmN9SVNncUTgtG","Christopher Wolfe","13-10-1976","Female","Black","Canadian"
"31",15,"28-09-2023",4,"tK4RlLAk6RNeJmJu","Kimberly Bolton","30-01-1954","Female","American Indian","Italian"
"32",8,"28-03-2023",1,"866VtdlaUayEZhC0","Stanley Jefferson","15-04-1946","Male","American Indian","German"
"33",2,"30-12-2023",7,"W9fmN9SVNncUTgtG","Christopher Wolfe","13-10-1976","Female","Black","Canadian"
"34",40,"30-03-2023",9,"wCCwzWCIvPtDQRE9","Rebecca Riggs","27-06-1995","Male","Asian","American"
"35",19,"16-06-2023",4,"owQixa2dXEe8vwjQ","Brandi Johnson","17-07-1966","Female","White","English"
"36",33,"28-01-2023",3,"e4hsPPJ9DfVp6980","Susan Villanueva","19-01-1988","Female","Black","Mexican"
"37",10,"21-10-2023",3,"B9MoPOoaWRV0IOGv","Joshua Meyer","23-04-1983","Female","Pacific Islander","English"
"38",39,"30-03-2023",9,"7c9odzOw70aKShtI","Brittany Barr","19-07-1995","Female","White","American"
"39",36,"20-12-2023",5,"8x1tveNMHZ5mHyPv","Jessica Rodriguez","19-04-1951","Male","White","American"
"40",5,"23-09-2023",6,"TScQTp6B9iu1aOfn","Hayley Wells","23-04-1980","Female","White","German"
"41",23,"30-12-2023",5,"ontOLrNWD0SIJZhY","Nancy Cuevas","16-03-1980","Male","Black","Mexican"
"42",17,"22-07-2023",3,"yacDPYgiMjph4bJU","Ryan Howard","13-01-1976","Female","White","English"
"43",31,"25-12-2023",5,"A93MPuKZQBe71k3u","David Long","27-06-1995","Female","Pacific Islander","Italian"
"44",21,"15-05-2023",4,"2ZclOi1onkLKdO1N","Stephen Cooper","16-03-1980","Female","American Indian","Italian"
"45",7,"25-12-2023",3,"6PCks6WRHl6irFVx","Tracey Schmitt","26-03-1960","Male","American Indian","English"
"46",39,"30-12-2023",4,"7c9odzOw70aKShtI","Brittany Barr","19-07-1995","Female","White","American"
"47",43,"20-05-2023",4,"UQhOdolgWzzecu6D","Lisa Vaughan","26-08-2002","Male","White","American"
"48",32,"31-03-2023",5,"lWAWVJ9ZnGIvRiwC","Heather Robinson","14-04-1955","Female","Asian","American"
"49",32,"22-10-2023",9,"lWAWVJ9ZnGIvRiwC","Heather Robinson","14-04-1955","Female","Asian","American"
"50",48,"27-07-2023",10,"eSQErzwehO1Mh2fm","Charles Jefferson","15-04-1946","Male","Black","Italian"
"51",3,"27-04-2023",8,"xk8oFF5Dr5Wb5CLk","Linda Stone","20-06-2002","Female","White","Italian"
"52",30,"26-06-2023",2,"jjLse6liv5VJlmMb","Susan Wolfe","19-01-1988","Female","Asian","Canadian"
"53",40,"23-09-2023",6,"wCCwzWCIvPtDQRE9","Rebecca Riggs","27-06-1995","Male","Asian","American"
"54",35,"31-03-2023",6,"XTp7v3u78g9g7t8O","Michael Jones","24-12-1996","Male","White","English"
"55",1,"14-07-2023",4,"LYQi5vwEvRgPeg5N","Steven Brown","30-07-1953","Male","Asian","Mexican"
"56",14,"30-01-2023",1,"rsr2PP2Cqnc5Q69o","Melissa Tanner","19-10-1978","Male","American Indian","German"
"57",33,"27-12-2023",7,"e4hsPPJ9DfVp6980","Susan Villanueva","19-01-1988","Female","Black","Mexican"
"58",2,"19-06-2023",1,"W9fmN9SVNncUTgtG","Christopher Wolfe","13-10-1976","Female","Black","Canadian"
"59",15,"22-07-2023",4,"tK4RlLAk6RNeJmJu","Kimberly Bolton","30-01-1954","Female","American Indian","Italian"
"60",28,"31-10-2023",1,"0ZvPAWoyjYO7xB8Y","Thomas Walker","30-07-1983","Male","Black","American"
"61",2,"27-12-2023",8,"W9fmN9SVNncUTgtG","Christopher Wolfe","13-10-1976","Female","Black","Canadian"
"62",37,"15-12-2023",5,"3fAUGYCJJ04el8oT","Sara Thomas","22-07-2002","Male","American Indian","Italian"
"63",22,"23-06-2023",5,"Z07sJtu60ZQkla9l","Carrie Li","19-04-1964","Female","White","Mexican"
"64",4,"31-01-2023",7,"58SrvpZrFcdFpEoT","David Smith","22-02-1969","Female","Pacific Islander","American"
"65",45,"22-07-2023",6,"KT7X7M5l4svyfZai","David Stewart PhD","18-02-1993","Female","Pacific Islander","Canadian"
"66",24,"22-03-2023",2,"LaX9egQM5exi9igG","Christopher Miller","30-12-1957","Female","Black","Canadian"
"67",29,"25-09-2023",2,"YbLA1J67TCc4inZ4","Christina Carroll","21-02-1966","Male","White","Canadian"
"68",7,"15-08-2023",4,"6PCks6WRHl6irFVx","Tracey Schmitt","26-03-1960","Male","American Indian","English"
"69",30,"26-02-2023",3,"jjLse6liv5VJlmMb","Susan Wolfe","19-01-1988","Female","Asian","Canadian"
"70",48,"15-12-2023",7,"eSQErzwehO1Mh2fm","Charles Jefferson","15-04-1946","Male","Black","Italian"
"71",24,"28-11-2023",1,"LaX9egQM5exi9igG","Christopher Miller","30-12-1957","Female","Black","Canadian"
"72",27,"22-03-2023",8,"hfN4yflJkeOGfzIc","Marissa Murphy","24-12-1996","Female","Asian","English"
"73",39,"26-02-2023",6,"7c9odzOw70aKShtI","Brittany Barr","19-07-1995","Female","White","American"
"74",37,"15-09-2023",4,"3fAUGYCJJ04el8oT","Sara Thomas","22-07-2002","Male","American Indian","Italian"
"75",26,"31-01-2023",8,"4CNUW7TC7TFhNK9V","Christopher Burnett","27-03-1983","Male","Asian","Mexican"
"76",3,"26-02-2023",2,"xk8oFF5Dr5Wb5CLk","Linda Stone","20-06-2002","Female","White","Italian"
"77",40,"28-11-2023",3,"wCCwzWCIvPtDQRE9","Rebecca Riggs","27-06-1995","Male","Asian","American"
"78",15,"21-12-2023",2,"tK4RlLAk6RNeJmJu","Kimberly Bolton","30-01-1954","Female","American Indian","Italian"
"79",27,"22-03-2023",5,"hfN4yflJkeOGfzIc","Marissa Murphy","24-12-1996","Female","Asian","English"
"80",37,"26-07-2023",7,"3fAUGYCJJ04el8oT","Sara Thomas","22-07-2002","Male","American Indian","Italian"
"81",35,"22-03-2023",5,"XTp7v3u78g9g7t8O","Michael Jones","24-12-1996","Male","White","English"
"82",5,"16-12-2023",8,"TScQTp6B9iu1aOfn","Hayley Wells","23-04-1980","Female","White","German"
"83",27,"27-04-2023",1,"hfN4yflJkeOGfzIc","Marissa Murphy","24-12-1996","Female","Asian","English"
"84",18,"15-02-2023",1,"9JPx1U8QwkKEMOIK","Mark Lopez","21-03-1948","Male","Pacific Islander","Mexican"
"85",38,"26-12-2023",4,"xZuEbKzqCuw0iV1e","Matthew Stewart","16-11-1980","Male","Asian","Mexican"
"86",40,"31-01-2023",1,"wCCwzWCIvPtDQRE9","Rebecca Riggs","27-06-1995","Male","Asian","American"
"87",35,"15-02-2023",3,"XTp7v3u78g9g7t8O","Michael Jones","24-12-1996","Male","White","English"
"88",46,"20-12-2023",4,"TaU9Q0MQxK7HmYg7","Rachel Mitchell","20-12-1954","Male","Asian","Canadian"
"89",39,"15-09-2023",5,"7c9odzOw70aKShtI","Brittany Barr","19-07-1995","Female","White","American"
"90",9,"20-09-2023",7,"K52RR7PmcRLz0Uox","Melissa Silva","19-10-1978","Female","Hispanic","German"
"91",25,"13-02-2023",2,"VyRhMm5RYDqZcKln","Timothy Vance","31-05-1988","Female","Pacific Islander","American"
"92",15,"19-08-2023",1,"tK4RlLAk6RNeJmJu","Kimberly Bolton","30-01-1954","Female","American Indian","Italian"
"93",42,"15-02-2023",9,"bcz12IRSYHcNL6i6","Taylor Jordan","24-12-1996","Male","Black","Italian"
"94",46,"17-06-2023",10,"TaU9Q0MQxK7HmYg7","Rachel Mitchell","20-12-1954","Male","Asian","Canadian"
"95",38,"25-04-2023",3,"xZuEbKzqCuw0iV1e","Matthew Stewart","16-11-1980","Male","Asian","Mexican"
"96",40,"22-05-2023",4,"wCCwzWCIvPtDQRE9","Rebecca Riggs","27-06-1995","Male","Asian","American"
"97",24,"19-08-2023",10,"LaX9egQM5exi9igG","Christopher Miller","30-12-1957","Female","Black","Canadian"
"98",7,"25-09-2023",5,"6PCks6WRHl6irFVx","Tracey Schmitt","26-03-1960","Male","American Indian","English"
"99",29,"20-12-2023",6,"YbLA1J67TCc4inZ4","Christina Carroll","21-02-1966","Male","White","Canadian"
"100",31,"18-04-2023",10,"A93MPuKZQBe71k3u","David Long","27-06-1995","Female","Pacific Islander","Italian"
"101",35,"20-09-2023",10,"XTp7v3u78g9g7t8O","Michael Jones","24-12-1996","Male","White","English"
"102",49,"14-04-2023",3,"KfmtkwTFJoNRdEZL","Jeffrey Nguyen","21-12-1979","Female","American Indian","German"
"103",12,"27-02-2023",9,"kPdD37SnwbjxeTyv","Kristin Miller","24-01-1987","Female","Black","Canadian"
"104",18,"25-09-2023",1,"9JPx1U8QwkKEMOIK","Mark Lopez","21-03-1948","Male","Pacific Islander","Mexican"
"105",24,"25-04-2023",5,"LaX9egQM5exi9igG","Christopher Miller","30-12-1957","Female","Black","Canadian"
"106",38,"22-07-2023",9,"xZuEbKzqCuw0iV1e","Matthew Stewart","16-11-1980","Male","Asian","Mexican"
"107",35,"13-04-2023",8,"XTp7v3u78g9g7t8O","Michael Jones","24-12-1996","Male","White","English"
"108",31,"22-05-2023",1,"A93MPuKZQBe71k3u","David Long","27-06-1995","Female","Pacific Islander","Italian"
"109",18,"13-12-2023",3,"9JPx1U8QwkKEMOIK","Mark Lopez","21-03-1948","Male","Pacific Islander","Mexican"
"110",31,"19-01-2023",10,"A93MPuKZQBe71k3u","David Long","27-06-1995","Female","Pacific Islander","Italian"
"111",41,"29-10-2023",1,"rG8TrdxQ5R9OaRNV","Tracey Moore","22-07-2002","Male","Hispanic","English"
"112",18,"28-09-2023",2,"9JPx1U8QwkKEMOIK","Mark Lopez","21-03-1948","Male","Pacific Islander","Mexican"
"113",20,"18-11-2023",1,"7xr6LUxbvBrZiHqM","Dennis Ross","21-03-1948","Male","American Indian","English"
"114",10,"22-05-2023",8,"B9MoPOoaWRV0IOGv","Joshua Meyer","23-04-1983","Female","Pacific Islander","English"
"115",21,"27-02-2023",9,"2ZclOi1onkLKdO1N","Stephen Cooper","16-03-1980","Female","American Indian","Italian"
"116",13,"29-06-2023",2,"mbsOsketXLNsij87","Robert Scott","19-04-1964","Male","American Indian","Mexican"
"117",31,"27-02-2023",4,"A93MPuKZQBe71k3u","David Long","27-06-1995","Female","Pacific Islander","Italian"
"118",31,"13-03-2023",8,"A93MPuKZQBe71k3u","David Long","27-06-1995","Female","Pacific Islander","Italian"
"119",15,"23-10-2023",5,"tK4RlLAk6RNeJmJu","Kimberly Bolton","30-01-1954","Female","American Indian","Italian"
"120",14,"22-07-2023",1,"rsr2PP2Cqnc5Q69o","Melissa Tanner","19-10-1978","Male","American Indian","German"
"121",50,"15-12-2023",3,"qhQ5FcY4rw3p6IHo","Jeffrey Pham","30-07-1953","Female","Pacific Islander","English"
"122",46,"23-10-2023",9,"TaU9Q0MQxK7HmYg7","Rachel Mitchell","20-12-1954","Male","Asian","Canadian"
"123",34,"23-05-2023",5,"XmvbmTz0cqTbGlXs","Katie Eaton","29-01-2002","Male","Pacific Islander","German"
"124",32,"22-04-2023",8,"lWAWVJ9ZnGIvRiwC","Heather Robinson","14-04-1955","Female","Asian","American"
"125",29,"27-02-2023",2,"YbLA1J67TCc4inZ4","Christina Carroll","21-02-1966","Male","White","Canadian"
"126",29,"27-02-2023",6,"YbLA1J67TCc4inZ4","Christina Carroll","21-02-1966","Male","White","Canadian"
"127",47,"28-09-2023",4,"ggnfz38YlpYRZXv4","Kimberly Miller","21-02-1966","Female","Black","English"
"128",40,"25-04-2023",5,"wCCwzWCIvPtDQRE9","Rebecca Riggs","27-06-1995","Male","Asian","American"
"129",25,"23-10-2023",5,"VyRhMm5RYDqZcKln","Timothy Vance","31-05-1988","Female","Pacific Islander","American"
"130",30,"23-05-2023",7,"jjLse6liv5VJlmMb","Susan Wolfe","19-01-1988","Female","Asian","Canadian"
"131",43,"21-08-2023",1,"UQhOdolgWzzecu6D","Lisa Vaughan","26-08-2002","Male","White","American"
"132",46,"25-04-2023",3,"TaU9Q0MQxK7HmYg7","Rachel Mitchell","20-12-1954","Male","Asian","Canadian"
"133",1,"28-11-2023",10,"LYQi5vwEvRgPeg5N","Steven Brown","30-07-1953","Male","Asian","Mexican"
"134",48,"21-08-2023",7,"eSQErzwehO1Mh2fm","Charles Jefferson","15-04-1946","Male","Black","Italian"
"135",8,"19-06-2023",3,"866VtdlaUayEZhC0","Stanley Jefferson","15-04-1946","Male","American Indian","German"
"136",12,"19-02-2023",2,"kPdD37SnwbjxeTyv","Kristin Miller","24-01-1987","Female","Black","Canadian"
"137",37,"25-04-2023",8,"3fAUGYCJJ04el8oT","Sara Thomas","22-07-2002","Male","American Indian","Italian"
"138",45,"21-08-2023",2,"KT7X7M5l4svyfZai","David Stewart PhD","18-02-1993","Female","Pacific Islander","Canadian"
"139",14,"28-09-2023",5,"rsr2PP2Cqnc5Q69o","Melissa Tanner","19-10-1978","Male","American Indian","German"
"140",22,"25-11-2023",1,"Z07sJtu60ZQkla9l","Carrie Li","19-04-1964","Female","White","Mexican"
"141",2,"19-06-2023",10,"W9fmN9SVNncUTgtG","Christopher Wolfe","13-10-1976","Female","Black","Canadian"
"142",4,"22-12-2023",7,"58SrvpZrFcdFpEoT","David Smith","22-02-1969","Female","Pacific Islander","American"
"143",34,"25-11-2023",7,"XmvbmTz0cqTbGlXs","Katie Eaton","29-01-2002","Male","Pacific Islander","German"
"144",47,"29-10-2023",10,"ggnfz38YlpYRZXv4","Kimberly Miller","21-02-1966","Female","Black","English"
"145",19,"28-07-2023",7,"owQixa2dXEe8vwjQ","Brandi Johnson","17-07-1966","Female","White","English"
"146",23,"21-08-2023",1,"ontOLrNWD0SIJZhY","Nancy Cuevas","16-03-1980","Male","Black","Mexican"
"147",46,"15-07-2023",2,"TaU9Q0MQxK7HmYg7","Rachel Mitchell","20-12-1954","Male","Asian","Canadian"
"148",20,"15-07-2023",5,"7xr6LUxbvBrZiHqM","Dennis Ross","21-03-1948","Male","American Indian","English"
"149",36,"25-10-2023",1,"8x1tveNMHZ5mHyPv","Jessica Rodriguez","19-04-1951","Male","White","American"
"150",37,"24-08-2023",6,"3fAUGYCJJ04el8oT","Sara Thomas","22-07-2002","Male","American Indian","Italian"
